timestamp_utc,gpm_mean_precip_mm_hr,gpm_max_precip_mm_hr
2024-05-24 00:00:00,1.0051429271697998,47.459999084472656
2024-05-24 00:30:00,1.0666756629943848,46.70000076293945
2024-05-24 01:00:00,1.1853665113449097,47.5099983215332
2024-05-24 01:30:00,1.208229899406433,44.73999786376953
2024-05-24 02:00:00,1.1844576597213745,50.68000030517578
2024-05-24 02:30:00,1.2091879844665527,50.62999725341797
2024-05-24 03:00:00,1.2325519323349,50.59000015258789
2024-05-24 03:30:00,1.2974454164505005,50.77000045776367
2024-05-24 04:00:00,1.2775133848190308,50.73999786376953
2024-05-24 04:30:00,1.265247106552124,50.62999725341797
2024-05-24 05:00:00,1.2618839740753174,50.96999740600586
2024-05-24 05:30:00,1.2128355503082275,50.81999969482422
2024-05-24 06:00:00,1.2575781345367432,55.689998626708984
2024-05-24 06:30:00,1.1352375745773315,55.529998779296875
2024-05-24 07:00:00,1.137012004852295,60.06999969482422
2024-05-24 07:30:00,1.1122840642929077,61.279998779296875
2024-05-24 08:00:00,1.133703589439392,61.18000030517578
2024-05-24 08:30:00,1.1989580392837524,61.13999938964844
2024-05-24 09:00:00,1.2623497247695923,61.189998626708984
2024-05-24 09:30:00,1.2263721227645874,61.03999710083008
2024-05-24 10:00:00,1.316537857055664,61.39999771118164
2024-05-24 10:30:00,1.3559845685958862,61.349998474121094
2024-05-24 11:00:00,1.4224953651428223,61.15999984741211
2024-05-24 11:30:00,1.3867971897125244,62.189998626708984
2024-05-24 12:00:00,1.37594473361969,62.23999786376953
2024-05-24 12:30:00,1.4056185483932495,61.869998931884766
2024-05-24 13:00:00,1.4513903856277466,64.55999755859375
2024-05-24 13:30:00,1.4260934591293335,55.709999084472656
2024-05-24 14:00:00,1.5083339214324951,55.77000045776367
2024-05-24 14:30:00,1.3650754690170288,50.65999984741211
2024-05-24 15:00:00,1.3549654483795166,54.15999984741211
2024-05-24 15:30:00,1.3482686281204224,53.87999725341797
2024-05-24 16:00:00,1.561726450920105,56.529998779296875
2024-05-24 16:30:00,1.5279889106750488,56.59000015258789
2024-05-24 17:00:00,1.6764850616455078,47.439998626708984
2024-05-24 17:30:00,1.7126563787460327,54.41999816894531
2024-05-24 18:00:00,1.699372410774231,49.59000015258789
2024-05-24 18:30:00,1.578563928604126,52.63999938964844
2024-05-24 19:00:00,1.2805519104003906,49.56999969482422
2024-05-24 19:30:00,1.3472203016281128,51.849998474121094
2024-05-24 20:00:00,1.3212199211120605,63.6099967956543
2024-05-24 20:30:00,1.7377591133117676,63.78999710083008
2024-05-24 21:00:00,1.8631281852722168,64.01000213623047
2024-05-24 21:30:00,1.941981315612793,56.31999969482422
2024-05-24 22:00:00,1.5723496675491333,61.56999969482422
2024-05-24 22:30:00,1.779559850692749,55.48999786376953
2024-05-24 23:00:00,1.896308422088623,55.52000045776367
2024-05-24 23:30:00,2.0123395919799805,60.78999710083008
2024-05-25 00:00:00,2.1171822547912598,62.55999755859375
2024-05-25 00:30:00,2.2603909969329834,62.97999954223633
2024-05-25 01:00:00,2.4364495277404785,63.21999740600586
2024-05-25 01:30:00,2.5375680923461914,70.97999572753906
2024-05-25 02:00:00,2.2594149112701416,63.6099967956543
2024-05-25 02:30:00,2.2767984867095947,63.54999923706055
2024-05-25 03:00:00,2.129547595977783,63.34000015258789
2024-05-25 03:30:00,2.072812557220459,66.95999908447266
2024-05-25 04:00:00,2.0164949893951416,67.04000091552734
2024-05-25 04:30:00,2.0058043003082275,66.95999908447266
2024-05-25 05:00:00,2.0977253913879395,67.0
2024-05-25 05:30:00,2.091670036315918,68.79999542236328
2024-05-25 06:00:00,2.0744824409484863,68.88999938964844
2024-05-25 06:30:00,2.130986213684082,68.79999542236328
2024-05-25 07:00:00,2.0188677310943604,68.54999542236328
2024-05-25 07:30:00,1.8559430837631226,68.6500015258789
2024-05-25 08:00:00,1.75106942653656,68.5199966430664
2024-05-25 08:30:00,1.7116138935089111,66.73999786376953
2024-05-25 09:00:00,1.7866342067718506,64.72999572753906
2024-05-25 09:30:00,1.6985827684402466,67.61000061035156
2024-05-25 10:00:00,1.6684623956680298,67.33000183105469
2024-05-25 10:30:00,1.6364578008651733,67.2699966430664
2024-05-25 11:00:00,1.672174334526062,67.2699966430664
2024-05-25 11:30:00,1.6619067192077637,65.01000213623047
2024-05-25 12:00:00,1.673105001449585,64.81999969482422
2024-05-25 12:30:00,1.5917783975601196,64.77999877929688
2024-05-25 13:00:00,1.5818785429000854,64.88999938964844
2024-05-25 13:30:00,1.5753473043441772,64.70999908447266
2024-05-25 14:00:00,1.5232573747634888,63.89999771118164
2024-05-25 14:30:00,1.4695117473602295,60.099998474121094
2024-05-25 15:00:00,1.4022507667541504,59.84000015258789
2024-05-25 15:30:00,1.4179192781448364,56.599998474121094
2024-05-25 16:00:00,1.44548761844635,56.529998779296875
2024-05-25 16:30:00,1.5207260847091675,57.38999938964844
2024-05-25 17:00:00,1.5488189458847046,56.439998626708984
2024-05-25 17:30:00,1.5924328565597534,57.16999816894531
2024-05-25 18:00:00,1.6866825819015503,57.09000015258789
2024-05-25 18:30:00,1.6470856666564941,56.91999816894531
2024-05-25 19:00:00,1.5271769762039185,56.90999984741211
2024-05-25 19:30:00,1.3358747959136963,58.59000015258789
2024-05-25 20:00:00,1.314013123512268,56.89999771118164
2024-05-25 20:30:00,1.1968003511428833,58.63999938964844
2024-05-25 21:00:00,1.396540641784668,59.02000045776367
2024-05-25 21:30:00,1.489950180053711,50.15999984741211
2024-05-25 22:00:00,1.5552089214324951,50.77000045776367
2024-05-25 22:30:00,1.5795762538909912,55.72999954223633
2024-05-25 23:00:00,1.6384865045547485,52.279998779296875
2024-05-25 23:30:00,1.6953309774398804,52.13999938964844
2024-05-26 00:00:00,1.681259274482727,52.09000015258789
2024-05-26 00:30:00,1.6869752407073975,52.0099983215332
2024-05-26 01:00:00,1.6264582872390747,55.439998626708984
2024-05-26 01:30:00,1.5528916120529175,49.79999923706055
2024-05-26 02:00:00,1.5382537841796875,49.779998779296875
2024-05-26 02:30:00,1.561863660812378,49.869998931884766
2024-05-26 03:00:00,1.4576610326766968,49.71999740600586
2024-05-26 03:30:00,1.4496452808380127,49.40999984741211
2024-05-26 04:00:00,1.3937389850616455,50.32999801635742
2024-05-26 04:30:00,1.337304711341858,50.29999923706055
2024-05-26 05:00:00,1.3485463857650757,50.57999801635742
2024-05-26 05:30:00,1.3356409072875977,50.369998931884766
2024-05-26 06:00:00,1.382771372795105,52.09000015258789
2024-05-26 06:30:00,1.3147144317626953,51.849998474121094
2024-05-26 07:00:00,1.238311529159546,50.80999755859375
2024-05-26 07:30:00,1.1883015632629395,61.029998779296875
2024-05-26 08:00:00,1.1523921489715576,60.98999786376953
2024-05-26 08:30:00,1.139685034751892,50.64999771118164
2024-05-26 09:00:00,1.1507885456085205,51.43000030517578
2024-05-26 09:30:00,1.1848008632659912,50.2599983215332
2024-05-26 10:00:00,1.3316017389297485,49.68000030517578
2024-05-26 10:30:00,1.498538613319397,49.86000061035156
2024-05-26 11:00:00,1.508085012435913,49.849998474121094
2024-05-26 11:30:00,1.5256359577178955,47.75
2024-05-26 12:00:00,1.5763217210769653,49.81999969482422
2024-05-26 12:30:00,1.7853604555130005,57.94999694824219
2024-05-26 13:00:00,1.6014971733093262,52.28999710083008
2024-05-26 13:30:00,1.4570127725601196,52.68000030517578
2024-05-26 14:00:00,1.4194221496582031,56.88999938964844
2024-05-26 14:30:00,1.2231714725494385,51.44999694824219
2024-05-26 15:00:00,1.1676760911941528,51.369998931884766
2024-05-26 15:30:00,1.123909592628479,51.48999786376953
2024-05-26 16:00:00,1.2340525388717651,75.81999969482422
2024-05-26 16:30:00,1.1434581279754639,53.07999801635742
2024-05-26 17:00:00,1.0817211866378784,51.59000015258789
2024-05-26 17:30:00,1.056960940361023,54.029998779296875
2024-05-26 18:00:00,1.1313087940216064,67.04000091552734
2024-05-26 18:30:00,1.008986473083496,54.36000061035156
2024-05-26 19:00:00,0.9995083212852478,53.529998779296875
2024-05-26 19:30:00,1.0257855653762817,54.19999694824219
2024-05-26 20:00:00,1.1194124221801758,55.959999084472656
2024-05-26 20:30:00,1.2153621912002563,63.98999786376953
2024-05-26 21:00:00,1.270353078842163,66.5
2024-05-26 21:30:00,1.1663607358932495,51.52000045776367
2024-05-26 22:00:00,1.187811255455017,51.62999725341797
2024-05-26 22:30:00,1.2192152738571167,51.52000045776367
2024-05-26 23:00:00,1.2349498271942139,51.32999801635742
2024-05-26 23:30:00,1.328437089920044,51.90999984741211
2024-05-27 00:00:00,1.3574341535568237,50.80999755859375
2024-05-27 00:30:00,1.3425229787826538,51.79999923706055
2024-05-27 01:00:00,1.2687804698944092,51.57999801635742
2024-05-27 01:30:00,1.227626919746399,52.04999923706055
2024-05-27 02:00:00,1.154313325881958,51.30999755859375
2024-05-27 02:30:00,1.0772311687469482,50.56999969482422
2024-05-27 03:00:00,1.0142402648925781,50.46999740600586
2024-05-27 03:30:00,1.025560736656189,51.37999725341797
2024-05-27 04:00:00,1.043015480041504,51.38999938964844
2024-05-27 04:30:00,0.9929148554801941,51.22999954223633
2024-05-27 05:00:00,0.9514639377593994,51.32999801635742
2024-05-27 05:30:00,0.9091426134109497,53.56999969482422
2024-05-27 06:00:00,0.9113690853118896,53.709999084472656
2024-05-27 06:30:00,0.9733701348304749,53.79999923706055
2024-05-27 07:00:00,0.747944176197052,53.87999725341797
2024-05-27 07:30:00,0.6224730610847473,53.5099983215332
2024-05-27 08:00:00,0.5218440890312195,53.7599983215332
2024-05-27 08:30:00,0.504766047000885,53.46999740600586
2024-05-27 09:00:00,0.4811958968639374,52.56999969482422
2024-05-27 09:30:00,0.4514482319355011,47.75
2024-05-27 10:00:00,0.4700585901737213,47.68000030517578
2024-05-27 10:30:00,0.44942742586135864,52.88999938964844
2024-05-27 11:00:00,0.46602919697761536,48.70000076293945
2024-05-27 11:30:00,0.49973660707473755,49.029998779296875
2024-05-27 12:00:00,0.5486081838607788,53.2599983215332
2024-05-27 12:30:00,0.5872937440872192,55.09000015258789
2024-05-27 13:00:00,0.609996497631073,49.07999801635742
2024-05-27 13:30:00,0.6284388303756714,49.119998931884766
2024-05-27 14:00:00,0.6516634821891785,49.189998626708984
2024-05-27 14:30:00,0.5764005780220032,49.2599983215332
2024-05-27 15:00:00,0.5677499771118164,49.21999740600586
2024-05-27 15:30:00,0.5800139904022217,49.459999084472656
2024-05-27 16:00:00,0.5481847524642944,49.38999938964844
2024-05-27 16:30:00,0.6111804842948914,49.209999084472656
2024-05-27 17:00:00,0.5528243184089661,49.27000045776367
2024-05-27 17:30:00,0.5492572784423828,37.779998779296875
2024-05-27 18:00:00,0.5789182782173157,43.18000030517578
2024-05-27 18:30:00,0.6552117466926575,41.86000061035156
2024-05-27 19:00:00,0.6915833353996277,38.38999938964844
2024-05-27 19:30:00,0.5817771553993225,37.88999938964844
2024-05-27 20:00:00,0.5260226726531982,39.790000915527344
2024-05-27 20:30:00,0.4583413302898407,35.25
2024-05-27 21:00:00,0.4881690442562103,33.75
2024-05-27 21:30:00,0.45117267966270447,34.82999801635742
2024-05-27 22:00:00,0.4299317002296448,38.73999786376953
2024-05-27 22:30:00,0.419798344373703,42.029998779296875
2024-05-27 23:00:00,0.4278658926486969,37.529998779296875
2024-05-27 23:30:00,0.42593297362327576,41.29999923706055
