timestamp_utc,sea_surface_temperature,mean_sea_level_pressure,dewpoint_temperature_2m,temperature_2m,u_component_of_wind_10m,v_component_of_wind_10m,relative_humidity_850hPa,vorticity_850hPa,sea_surface_temperature_c,temperature_2m_c,dewpoint_temperature_2m_c,mean_sea_level_pressure_hpa,wind_speed_10m_ms
2024-05-24 00:00:00,304.40618896484375,100103.484375,298.6903991699219,301.6685791015625,0.7500869035720825,2.1051387786865234,75.06324768066406,1.615166365809273e-05,31.256188964843773,28.518579101562523,25.540399169921898,1001.03484375,2.234779550747711
2024-05-24 01:00:00,304.40618896484375,100165.359375,298.77520751953125,301.7950439453125,0.679745614528656,2.206535816192627,75.44830322265625,1.5890665963524953e-05,31.256188964843773,28.645043945312523,25.625207519531273,1001.65359375,2.308864311433611
2024-05-24 02:00:00,304.40618896484375,100198.5625,298.821044921875,302.7765197753906,0.6266083717346191,2.4154164791107178,75.86006927490234,1.605668330739718e-05,31.256188964843773,29.626519775390648,25.671044921875023,1001.985625,2.4953706776925
2024-05-24 03:00:00,304.40618896484375,100230.96875,298.7314758300781,302.95782470703125,0.6110201478004456,2.6333370208740234,76.20958709716797,1.656799577176571e-05,31.256188964843773,29.807824707031273,25.581475830078148,1002.3096875,2.703296041228884
2024-05-24 04:00:00,304.40618896484375,100229.6875,298.704833984375,303.1462707519531,0.69112628698349,2.763056516647339,77.35102081298828,1.6974327081697993e-05,31.256188964843773,29.996270751953148,25.554833984375023,1002.296875,2.848181324766194
2024-05-24 05:00:00,304.4061584472656,100201.0390625,298.73370361328125,304.067138671875,0.8175687193870544,2.8415536880493164,78.84921264648438,1.7124988517025486e-05,31.256158447265648,30.917138671875023,25.583703613281273,1002.010390625,2.956830393003099
2024-05-24 06:00:00,304.4061584472656,100147.9140625,298.6144104003906,304.5149841308594,0.9888920187950134,2.85652756690979,79.3009262084961,1.6640469766571186e-05,31.256158447265648,31.364984130859398,25.464410400390648,1001.479140625,3.022855796321095
2024-05-24 07:00:00,304.4061584472656,100078.375,298.5908508300781,304.5914001464844,1.1776655912399292,2.831308126449585,79.3974838256836,1.6800315279397182e-05,31.256158447265648,31.441400146484398,25.440850830078148,1000.78375,3.0664640796347102
2024-05-24 08:00:00,304.4061584472656,99985.1953125,298.47113037109375,304.96099853515625,1.3001877069473267,2.8194706439971924,75.06324768066406,1.615166365809273e-05,31.256158447265648,31.810998535156273,25.321130371093773,999.851953125,3.104819283897034
2024-05-24 09:00:00,304.4061584472656,99927.65625,298.48773193359375,304.98193359375,1.4124544858932495,2.7645838260650635,79.4515380859375,1.7653848772170022e-05,31.256158447265648,31.831933593750023,25.337731933593773,999.2765625,3.104505017882965
2024-05-24 10:00:00,304.4061584472656,99848.2734375,298.67303466796875,304.50592041015625,1.2981526851654053,3.0206644535064697,74.50244903564453,1.8024209566647187e-05,31.256158447265648,31.355920410156273,25.523034667968773,998.482734375,3.287797763652699
2024-05-24 11:00:00,304.4061584472656,99871.921875,298.6850891113281,304.38189697265625,1.2758545875549316,3.1637063026428223,74.7458724975586,1.8498545614420436e-05,31.256158447265648,31.231896972656273,25.535089111328148,998.71921875,3.411281650343003
2024-05-24 12:00:00,304.4061584472656,99902.8984375,298.7120361328125,304.3382873535156,1.3007323741912842,3.305940628051758,75.16094207763672,1.879534829640761e-05,31.256158447265648,31.188287353515648,25.562036132812523,999.028984375,3.5526255284609642
2024-05-24 13:00:00,304.4061584472656,99949.203125,298.8077392578125,304.27056884765625,1.3755346536636353,3.4459705352783203,75.47833251953125,1.8669830751605332e-05,31.256158447265648,31.120568847656273,25.657739257812523,999.49203125,3.7103650108090296
2024-05-24 14:00:00,304.4061584472656,100018.296875,298.9356384277344,303.6460876464844,1.471091628074646,3.518627166748047,75.75379943847656,1.8637520042830147e-05,31.256158447265648,30.496087646484398,25.785638427734398,1000.18296875,3.8137708002407145
2024-05-24 15:00:00,304.4061584472656,100087.34375,298.89337158203125,302.91168212890625,1.591244101524353,3.5564138889312744,76.14423370361328,1.8793667550198734e-05,31.256158447265648,29.761682128906273,25.743371582031273,1000.8734375,3.8961695984671043
2024-05-24 16:00:00,304.4061584472656,100129.1796875,298.9209289550781,302.8545227050781,1.6963987350463867,3.5638790130615234,76.59203338623047,1.915113716677297e-05,31.256158447265648,29.704522705078148,25.770928955078148,1001.291796875,3.947024485356958
2024-05-24 17:00:00,304.4061584472656,100128.03125,298.9142761230469,302.447998046875,1.8052328824996948,3.531191349029541,76.9576644897461,1.965728370123543e-05,31.256158447265648,29.297998046875023,25.764276123046898,1001.2803125,3.965876713101307
2024-05-24 18:00:00,304.4061584472656,100097.3125,298.8924865722656,302.2215576171875,1.8883494138717651,3.4622929096221924,77.48623657226562,1.966243507922627e-05,31.256158447265648,29.071557617187523,25.742486572265648,1000.973125,3.9437717607501
2024-05-24 19:00:00,304.4062194824219,100049.3828125,298.9149169921875,302.12054443359375,2.031524896621704,3.339534282684326,78.15589904785156,1.9132427041768096e-05,31.256219482421898,28.970544433593773,25.764916992187523,1000.493828125,3.9089106706111543
2024-05-24 20:00:00,304.4062194824219,99991.578125,298.88031005859375,301.7667541503906,2.206385612487793,3.1897051334381104,79.05699920654297,1.942544440680649e-05,31.256219482421898,28.616754150390648,25.730310058593773,999.91578125,3.878447667466272
2024-05-24 21:00:00,304.40618896484375,99955.0,298.8794860839844,301.6392517089844,2.337362289428711,2.9884517192840576,75.06324768066406,1.615166365809273e-05,31.256188964843773,28.489251708984398,25.729486083984398,999.55,3.793956529868953
2024-05-24 22:00:00,304.40618896484375,99917.8984375,298.9256896972656,301.6290588378906,2.0476646423339844,2.8994040489196777,74.35296630859375,1.9412163965171203e-05,31.256188964843773,28.479058837890648,25.775689697265648,999.178984375,3.5495738232013974
2024-05-24 23:00:00,304.40618896484375,99921.109375,298.91729736328125,301.5731506347656,1.9754831790924072,2.991539716720581,75.43142700195312,1.9158296709065326e-05,31.256188964843773,28.423150634765648,25.767297363281273,999.21109375,3.584946815169466
2024-05-25 00:00:00,304.40618896484375,99964.625,298.99566650390625,302.0788269042969,1.9298715591430664,3.09391188621521,76.28714752197266,1.959611108759418e-05,31.256188964843773,28.928826904296898,25.845666503906273,999.64625,3.646463354327457
2024-05-25 01:00:00,304.40618896484375,100018.40625,298.9928283691406,302.1601867675781,1.8570648431777954,3.165377616882324,76.82719421386719,2.0255689378245734e-05,31.256188964843773,29.010186767578148,25.842828369140648,1000.1840625,3.6699189758394657
2024-05-25 02:00:00,304.40618896484375,100045.953125,299.05572509765625,303.01092529296875,1.7817051410675049,3.251927614212036,77.18243408203125,2.0919693270116113e-05,31.256188964843773,29.860925292968773,25.905725097656273,1000.45953125,3.708032688337734
2024-05-25 03:00:00,304.40618896484375,100075.578125,298.9791564941406,303.1429748535156,1.7723397016525269,3.3921995162963867,77.54663848876953,2.1129231754457578e-05,31.256188964843773,29.992974853515648,25.829156494140648,1000.75578125,3.827297424608546
2024-05-25 04:00:00,304.40618896484375,100083.109375,298.958251953125,303.2763977050781,1.7632228136062622,3.420973539352417,78.67737579345703,2.163601493521128e-05,31.256188964843773,30.126397705078148,25.808251953125023,1000.83109375,3.84863802498637
2024-05-25 05:00:00,304.4061584472656,100071.8671875,298.91729736328125,304.04217529296875,1.820217251777649,3.4557859897613525,79.79338073730469,2.1802699848194607e-05,31.256158447265648,30.892175292968773,25.767297363281273,1000.718671875,3.9058478785917696
2024-05-25 06:00:00,304.4061584472656,100051.71875,298.7433166503906,304.5643310546875,1.922147274017334,3.4949464797973633,80.0855941772461,2.1655794625985436e-05,31.256158447265648,31.414331054687523,25.593316650390648,1000.5171875,3.9886465172612438
2024-05-25 07:00:00,304.4061584472656,99986.2265625,298.682373046875,304.5948791503906,2.077728509902954,3.5323586463928223,80.00567626953125,2.0900466552120633e-05,31.256158447265648,31.444879150390648,25.532373046875023,999.862265625,4.0981109511102405
2024-05-25 08:00:00,304.4061584472656,99907.4296875,298.6590270996094,304.75701904296875,2.205930233001709,3.4657297134399414,80.13227844238281,2.085184860334266e-05,31.256158447265648,31.607019042968773,25.509027099609398,999.074296875,4.1082125845057575
2024-05-25 09:00:00,304.4061584472656,99844.484375,298.78125,304.7716369628906,2.282308578491211,3.433964490890503,80.13304138183594,2.1164052668609656e-05,31.256158447265648,31.621636962890648,25.631250000000023,998.44484375,4.123232296651675
2024-05-25 10:00:00,304.4061584472656,99775.046875,298.8300476074219,304.2382507324219,2.192622661590576,2.952650785446167,74.99604034423828,2.1026036847615615e-05,31.256158447265648,31.088250732421898,25.680047607421898,997.75046875,3.6777358247862786
2024-05-25 11:00:00,304.4061584472656,99817.1171875,298.8197326660156,304.1291198730469,2.096649646759033,3.1493022441864014,75.56071472167969,2.1168700186535716e-05,31.256158447265648,30.979119873046898,25.669732666015648,998.171171875,3.7833905913204737
2024-05-25 12:00:00,304.4061584472656,99838.5078125,298.8294982910156,304.0638122558594,2.0707931518554688,3.401358127593994,75.95021057128906,2.152737943106331e-05,31.256158447265648,30.913812255859398,25.679498291015648,998.385078125,3.982137791428271
2024-05-25 13:00:00,304.40618896484375,99895.1796875,298.91943359375,304.0186767578125,2.0634398460388184,3.6716980934143066,76.22207641601562,2.208967271144502e-05,31.256188964843773,30.868676757812523,25.769433593750023,998.951796875,4.211787137000511
2024-05-25 14:00:00,304.4061584472656,99965.953125,299.0852355957031,303.5457763671875,2.080605983734131,3.893059492111206,76.28286743164062,2.254915307275951e-05,31.256158447265648,30.395776367187523,25.935235595703148,999.65953125,4.4141628276115314
2024-05-25 15:00:00,304.4061584472656,100044.3203125,299.0981750488281,303.0097351074219,2.1774344444274902,4.074498176574707,76.28714752197266,1.959611108759418e-05,31.256158447265648,29.859735107421898,25.948175048828148,1000.443203125,4.619822090804998
2024-05-25 16:00:00,304.4061584472656,100103.75,299.1359558105469,303.0113525390625,2.292043447494507,4.200305461883545,76.63069915771484,2.2072574211051688e-05,31.256158447265648,29.861352539062523,25.985955810546898,1001.0375,4.78497953374215
2024-05-25 17:00:00,304.4061584472656,100115.8125,299.1571350097656,302.680419921875,2.449833869934082,4.29606819152832,76.8786392211914,2.1963633116683923e-05,31.256158447265648,29.530419921875023,26.007135009765648,1001.158125,4.9454916738922545
2024-05-25 18:00:00,304.4061584472656,100088.1640625,299.1226501464844,302.54022216796875,2.6288602352142334,4.317183494567871,77.43479919433594,2.1985939383739606e-05,31.256158447265648,29.390222167968773,25.972650146484398,1000.881640625,5.054599832040108
2024-05-25 19:00:00,304.4062194824219,100031.3515625,299.1036682128906,302.47979736328125,2.7883565425872803,4.346108436584473,77.87991333007812,2.2265508960117586e-05,31.256219482421898,29.329797363281273,25.953668212890648,1000.313515625,5.16367996211423
2024-05-25 20:00:00,304.40618896484375,99986.4921875,299.0507507324219,302.14459228515625,2.9321751594543457,4.3143486976623535,78.28007507324219,2.2467698727268726e-05,31.256188964843773,28.994592285156273,25.900750732421898,999.864921875,5.216440917976735
2024-05-25 21:00:00,304.40618896484375,99920.03125,299.05584716796875,302.0411376953125,3.112832546234131,4.281592845916748,78.74175262451172,2.271926132380031e-05,31.256188964843773,28.891137695312523,25.905847167968773,999.2003125,5.293558704605054
2024-05-25 22:00:00,303.7154846191406,99893.859375,298.8918762207031,301.88934326171875,3.027031183242798,4.07177209854126,75.86014556884766,2.3678800062043592e-05,30.565484619140648,28.739343261718773,25.741876220703148,998.93859375,5.073681681657156
2024-05-25 23:00:00,303.7154846191406,99922.984375,298.9007263183594,301.9050598144531,2.993361473083496,4.245082378387451,76.34896850585938,2.3700516976532526e-05,30.565484619140648,28.755059814453148,25.750726318359398,999.22984375,5.194317790416394
2024-05-26 00:00:00,303.7154846191406,99941.09375,299.0143737792969,302.2759704589844,3.0140221118927,4.3965654373168945,76.59734344482422,2.3942326151882298e-05,30.565484619140648,29.125970458984398,25.864373779296898,999.4109375,5.330489371116655
2024-05-26 01:00:00,303.7154846191406,99994.1953125,298.97900390625,302.398681640625,3.0544228553771973,4.466171741485596,76.4969253540039,2.4653514628880657e-05,30.565484619140648,29.248681640625023,25.829003906250023,999.941953125,5.410747545755122
2024-05-26 02:00:00,303.7154846191406,100015.8046875,299.0342102050781,302.990234375,3.1595993041992188,4.518429756164551,76.59734344482422,2.3942326151882298e-05,30.565484619140648,29.840234375000023,25.884210205078148,1000.158046875,5.513553774516889
2024-05-26 03:00:00,303.7154846191406,100059.890625,298.93988037109375,303.075927734375,3.286892890930176,4.480162143707275,76.25950622558594,2.482599848008249e-05,30.565484619140648,29.925927734375023,25.789880371093773,1000.59890625,5.5565742783080925
2024-05-26 04:00:00,303.7154846191406,100065.21875,298.86370849609375,303.17254638671875,3.3649606704711914,4.396099090576172,76.42433166503906,2.476176268828567e-05,30.565484619140648,30.022546386718773,25.713708496093773,1000.6521875,5.536122065849215
2024-05-26 05:00:00,303.7154846191406,100051.765625,298.8160095214844,304.0121765136719,3.4921255111694336,4.3573150634765625,75.89915466308594,2.483503703842871e-05,30.565484619140648,30.862176513671898,25.666009521484398,1000.51765625,5.584007087044226
2024-05-26 06:00:00,303.7154846191406,100023.703125,298.6461486816406,304.48992919921875,3.6193151473999023,4.288263320922852,75.2607421875,2.498850881238468e-05,30.565484619140648,31.339929199218773,25.496148681640648,1000.23703125,5.611474355797294
2024-05-26 07:00:00,303.7154235839844,99973.5859375,298.6651611328125,304.605712890625,3.7208821773529053,4.2424187660217285,74.80205535888672,2.490716906322632e-05,30.565423583984398,31.455712890625023,25.515161132812523,999.735859375,5.642967407670881
2024-05-26 08:00:00,303.7154235839844,99899.4375,298.57843017578125,304.9403381347656,3.813795328140259,4.240395545959473,74.6137924194336,2.4440418201265857e-05,30.565423583984398,31.790338134765648,25.428430175781273,998.994375,5.703156072836986
2024-05-26 09:00:00,303.7154235839844,99827.9453125,298.62060546875,305.01153564453125,3.8825771808624268,4.312894344329834,74.2771224975586,2.4182325432775542e-05,30.565423583984398,31.861535644531273,25.470605468750023,998.279453125,5.803056366321621
2024-05-26 10:00:00,303.7154235839844,99743.953125,298.78057861328125,304.35504150390625,3.1293559074401855,4.452571868896484,71.27088928222656,2.3949578462634236e-05,30.565423583984398,31.205041503906273,25.630578613281273,997.43953125,5.442266498722671
2024-05-26 11:00:00,303.7154846191406,99756.828125,298.7973937988281,304.2851257324219,2.9348855018615723,4.809676647186279,71.17163848876953,2.367112938372884e-05,30.565484619140648,31.135125732421898,25.647393798828148,997.56828125,5.634407010460489
2024-05-26 12:00:00,303.7154541015625,99762.0,298.8638916015625,304.2742919921875,2.7636165618896484,5.2150678634643555,71.01322937011719,2.3388503905152902e-05,30.565454101562523,31.124291992187523,25.713891601562523,997.62,5.902076695680042
2024-05-26 13:00:00,303.7154541015625,99818.1875,298.97113037109375,304.26666259765625,2.7131567001342773,5.616403102874756,71.07662963867188,2.3033120669424534e-05,30.565454101562523,31.116662597656273,25.821130371093773,998.181875,6.237403553840709
2024-05-26 14:00:00,303.7154541015625,99902.0546875,299.1087951660156,303.8717041015625,2.68377947807312,5.908672332763672,71.3703384399414,2.272057463414967e-05,30.565454101562523,30.721704101562523,25.958795166015648,999.020546875,6.489613318441502
2024-05-26 15:00:00,303.7154235839844,99978.1015625,299.0277099609375,303.249755859375,2.7046866416931152,6.151538848876953,71.662109375,2.2976601030677557e-05,30.565423583984398,30.099755859375023,25.877709960937523,999.781015625,6.719877977984092
2024-05-26 16:00:00,303.7154846191406,100017.3515625,299.0834045410156,303.1908874511719,2.769296884536743,6.3582868576049805,71.84282684326172,2.3123768187360838e-05,30.565484619140648,30.040887451171898,25.933404541015648,1000.173515625,6.935186875513675
2024-05-26 17:00:00,303.7154541015625,100027.2265625,299.0392761230469,302.8742370605469,2.927743673324585,6.5036725997924805,72.21504974365234,2.292324643349275e-05,30.565454101562523,29.724237060546898,25.889276123046898,1000.272265625,7.132281563566011
2024-05-26 18:00:00,303.7154846191406,100001.0,299.0413818359375,302.72662353515625,3.17020320892334,6.530693054199219,72.7854232788086,2.285406480950769e-05,30.565484619140648,29.576623535156273,25.891381835937523,1000.01,7.25948621832384
2024-05-26 19:00:00,303.7154846191406,99947.7578125,299.01763916015625,302.6310119628906,3.4597511291503906,6.487534046173096,73.2336654663086,2.3203214368550107e-05,30.565484619140648,29.481011962890648,25.867639160156273,999.477578125,7.352412928822242
2024-05-26 20:00:00,303.7154846191406,99899.7421875,298.95391845703125,302.3275146484375,3.719758987426758,6.418601036071777,73.61013793945312,2.4040422431426123e-05,30.565484619140648,29.177514648437523,25.803918457031273,998.997421875,7.418560924114853
2024-05-26 21:00:00,303.7154846191406,99864.6484375,298.9246826171875,302.26910400390625,3.939666509628296,6.330610275268555,74.0151138305664,2.484858123352751e-05,30.565484619140648,29.119104003906273,25.774682617187523,998.646484375,7.456379729092571
2024-05-26 22:00:00,303.16632080078125,99837.71875,298.9335632324219,302.0886535644531,3.6784887313842773,5.862389087677002,69.19596099853516,2.630996641528327e-05,30.016320800781273,28.938653564453148,25.783563232421898,998.3771875,6.920902048305228
2024-05-26 23:00:00,303.16632080078125,99867.0703125,298.91485595703125,302.1005554199219,3.6721034049987793,6.02603816986084,69.09550476074219,2.6501464162720367e-05,30.016320800781273,28.950555419921898,25.764855957031273,998.670703125,7.056732915565347
2024-05-27 00:00:00,303.16632080078125,99908.7265625,299.04595947265625,302.45050048828125,3.7625694274902344,6.079313278198242,68.94512939453125,2.6207120754406787e-05,30.016320800781273,29.300500488281273,25.895959472656273,999.087265625,7.149474010803987
2024-05-27 01:00:00,303.16632080078125,99975.1171875,299.0013427734375,302.5697937011719,3.872182607650757,6.084097862243652,69.03426361083984,2.5660076062195003e-05,30.016320800781273,29.419793701171898,25.851342773437523,999.751171875,7.211799008870865
2024-05-27 02:00:00,303.16632080078125,100021.125,299.01702880859375,303.0133056640625,3.976503372192383,6.050769329071045,69.0528564453125,2.5412246031919494e-05,30.016320800781273,29.863305664062523,25.867028808593773,1000.21125,7.240468806830415
2024-05-27 03:00:00,303.16632080078125,100045.9140625,298.95257568359375,303.13623046875,4.105838298797607,5.987479209899902,69.11363983154297,2.6684052500058897e-05,30.016320800781273,29.986230468750023,25.802575683593773,1000.459140625,7.260014836407485
2024-05-27 04:00:00,303.16632080078125,100056.0390625,298.900390625,303.2138671875,4.243574142456055,5.864829063415527,69.1358413696289,2.683131242520176e-05,30.016320800781273,30.063867187500023,25.750390625000023,1000.560390625,7.239070482154811
2024-05-27 05:00:00,303.1662902832031,100039.9765625,298.8283996582031,303.8569030761719,4.386101245880127,5.728463649749756,68.94512939453125,2.6207120754406787e-05,30.016290283203148,30.706903076171898,25.678399658203148,1000.399765625,7.214788973048034
2024-05-27 06:00:00,303.1662902832031,100019.953125,298.788330078125,304.383544921875,4.496970176696777,5.581930637359619,68.54291534423828,2.491022678441368e-05,30.016290283203148,31.233544921875023,25.638330078125023,1000.19953125,7.168032534133352
2024-05-27 07:00:00,303.16632080078125,99950.28125,298.7740783691406,304.45330810546875,4.546142578125,5.448466777801514,67.660888671875,2.3794938897481188e-05,30.016320800781273,31.303308105468773,25.624078369140648,999.5028125,7.095999053653251
2024-05-27 08:00:00,303.16632080078125,99878.1796875,298.61871337890625,304.78570556640625,4.577095985412598,5.399245262145996,66.68132019042969,2.287430288561154e-05,30.016320800781273,31.635705566406273,25.468713378906273,998.781796875,7.078252401580923
2024-05-27 09:00:00,303.16632080078125,99830.5703125,298.6263427734375,304.83148193359375,4.53645658493042,5.400237560272217,65.94915771484375,2.1758914954261854e-05,30.016320800781273,31.681481933593773,25.476342773437523,998.305703125,7.052801149496092
2024-05-27 10:00:00,303.16632080078125,99796.65625,298.7491149902344,304.47552490234375,4.003748893737793,4.825930118560791,68.94512939453125,2.6207120754406787e-05,30.016320800781273,31.325524902343773,25.599114990234398,997.9665625,6.270534802816964
2024-05-27 11:00:00,303.16632080078125,99812.5546875,298.7882995605469,304.437255859375,3.6970512866973877,5.08375358581543,64.95643615722656,1.9694427464855835e-05,30.016320800781273,31.287255859375023,25.638299560546898,998.125546875,6.285915902854734
2024-05-27 12:00:00,303.1662902832031,99839.53125,298.8765563964844,304.3965759277344,3.374293327331543,5.43588924407959,64.58504486083984,1.9327797417645343e-05,30.016290283203148,31.246575927734398,25.726556396484398,998.3953125,6.398026831201503
2024-05-27 13:00:00,303.16632080078125,99900.03125,298.9676818847656,304.369873046875,3.1969451904296875,5.809245586395264,64.22291564941406,1.8893240849138238e-05,30.016320800781273,31.219873046875023,25.817681884765648,999.0003125,6.630821429782615
2024-05-27 14:00:00,303.16632080078125,99986.171875,299.1474304199219,303.9617919921875,3.1256704330444336,6.104551315307617,64.13958740234375,1.851915476436261e-05,30.016320800781273,30.811791992187523,25.997430419921898,999.86171875,6.85823318481022
2024-05-27 15:00:00,303.16632080078125,100049.1796875,298.9744873046875,303.4039001464844,3.0982842445373535,6.312128067016602,64.28713989257812,1.8311775420443155e-05,30.016320800781273,30.253900146484398,25.824487304687523,1000.491796875,7.0315237320489175
2024-05-27 16:00:00,303.16632080078125,100092.546875,299.02093505859375,303.2940979003906,3.1470751762390137,6.464064121246338,64.65843963623047,1.810321191442199e-05,30.016320800781273,30.144097900390648,25.870935058593773,1000.92546875,7.189451100639325
2024-05-27 17:00:00,303.1662902832031,100090.71875,299.00616455078125,302.9275817871094,3.2150042057037354,6.621500492095947,65.06258392333984,1.8611013729241677e-05,30.016290283203148,29.777581787109398,25.856164550781273,1000.9071875,7.360741865431743
2024-05-27 18:00:00,303.16632080078125,100071.6875,298.9889831542969,302.8063659667969,3.364131212234497,6.705577373504639,65.58000183105469,1.950985097209923e-05,30.016320800781273,29.656365966796898,25.838983154296898,1000.716875,7.502142808903848
2024-05-27 19:00:00,303.1662902832031,100030.484375,298.97979736328125,302.7221374511719,3.5505433082580566,6.709799766540527,66.1000747680664,2.0159584892098792e-05,30.016290283203148,29.572137451171898,25.829797363281273,1000.30484375,7.59129571884032
2024-05-27 20:00:00,303.16632080078125,99994.0078125,298.8802185058594,302.3700256347656,3.74318528175354,6.665499210357666,66.52346801757812,2.0498189769568853e-05,30.016320800781273,29.220025634765648,25.730218505859398,999.940078125,7.6446265949891234
2024-05-27 21:00:00,303.16632080078125,99973.5546875,298.8602294921875,302.3135986328125,3.9221062660217285,6.605724334716797,68.94512939453125,2.6207120754406787e-05,30.016320800781273,29.163598632812523,25.710229492187523,999.735546875,7.682350652517534
2024-05-27 22:00:00,303.0985107421875,99971.5703125,298.842529296875,302.0509033203125,3.980473041534424,5.932014465332031,67.6358642578125,2.0707946532638744e-05,29.948510742187523,28.900903320312523,25.692529296875023,999.715703125,7.143735804975627
2024-05-27 23:00:00,303.0985412597656,100002.671875,298.8460998535156,302.0673522949219,4.044125556945801,5.965724468231201,67.82882690429688,1.9980338038294576e-05,29.948541259765648,28.917352294921898,25.696099853515648,1000.02671875,7.207275487394292
